no.|src/files/output/synthetic_eeg_data_testv_original-vpart-0-EEG.csv
1|src/files/output/synthetic_eeg_data_testv_original-vpart-0-EEG.csv
2|src/files/output/synthetic_eeg_data_testv_original-vpart-0-EEG.csv
3|src/files/output/synthetic_eeg_data_testv_original-vpart-0-EEG.csv
4|src/files/output/synthetic_eeg_data_testv_original-vpart-0-EEG.csv
5|src/files/output/synthetic_eeg_data_testv_original-vpart-0-EEG.csv
6|src/files/output/synthetic_eeg_data_testv_original-vpart-0-EEG.csv
7|src/files/output/synthetic_eeg_data_testv_original-vpart-0-EEG.csv
8|src/files/output/synthetic_eeg_data_testv_original-vpart-0-EEG.csv
9|src/files/output/synthetic_eeg_data_testv_original-vpart-0-EEG.csv
10|src/files/output/synthetic_eeg_data_testv_original-vpart-0-EEG.csv
12|src/files/output/synthetic_eeg_data_testv_original-vpart-1-EEG.csv
13|src/files/output/synthetic_eeg_data_testv_original-vpart-1-EEG.csv
14|src/files/output/synthetic_eeg_data_testv_original-vpart-1-EEG.csv
15|src/files/output/synthetic_eeg_data_testv_original-vpart-1-EEG.csv
16|src/files/output/synthetic_eeg_data_testv_original-vpart-1-EEG.csv
17|src/files/output/synthetic_eeg_data_testv_original-vpart-1-EEG.csv
18|src/files/output/synthetic_eeg_data_testv_original-vpart-1-EEG.csv
19|src/files/output/synthetic_eeg_data_testv_original-vpart-1-EEG.csv
20|src/files/output/synthetic_eeg_data_testv_original-vpart-1-EEG.csv
21|src/files/output/synthetic_eeg_data_testv_original-vpart-1-EEG.csv
22|src/files/output/synthetic_eeg_data_testv_original-vpart-1-EEG.csv
no.|src/files/output/synthetic_eeg_data_testv_original-vpart-0-EEG.csv
1|src/files/output/synthetic_eeg_data_testv_original-vpart-0-EEG.csv
2|src/files/output/synthetic_eeg_data_testv_original-vpart-0-EEG.csv
3|src/files/output/synthetic_eeg_data_testv_original-vpart-0-EEG.csv
4|src/files/output/synthetic_eeg_data_testv_original-vpart-0-EEG.csv
5|src/files/output/synthetic_eeg_data_testv_original-vpart-0-EEG.csv
6|src/files/output/synthetic_eeg_data_testv_original-vpart-0-EEG.csv
7|src/files/output/synthetic_eeg_data_testv_original-vpart-0-EEG.csv
8|src/files/output/synthetic_eeg_data_testv_original-vpart-0-EEG.csv
9|src/files/output/synthetic_eeg_data_testv_original-vpart-0-EEG.csv
10|src/files/output/synthetic_eeg_data_testv_original-vpart-0-EEG.csv
12|src/files/output/synthetic_eeg_data_testv_original-vpart-1-EEG.csv
13|src/files/output/synthetic_eeg_data_testv_original-vpart-1-EEG.csv
14|src/files/output/synthetic_eeg_data_testv_original-vpart-1-EEG.csv
15|src/files/output/synthetic_eeg_data_testv_original-vpart-1-EEG.csv
16|src/files/output/synthetic_eeg_data_testv_original-vpart-1-EEG.csv
17|src/files/output/synthetic_eeg_data_testv_original-vpart-1-EEG.csv
18|src/files/output/synthetic_eeg_data_testv_original-vpart-1-EEG.csv
19|src/files/output/synthetic_eeg_data_testv_original-vpart-1-EEG.csv
20|src/files/output/synthetic_eeg_data_testv_original-vpart-1-EEG.csv
21|src/files/output/synthetic_eeg_data_testv_original-vpart-1-EEG.csv
22|src/files/output/synthetic_eeg_data_testv_original-vpart-1-EEG.csv
no.|src/files/output/synthetic_eeg_data_testv_original-vpart-0-EEG.csv
1|src/files/output/synthetic_eeg_data_testv_original-vpart-0-EEG.csv
2|src/files/output/synthetic_eeg_data_testv_original-vpart-0-EEG.csv
3|src/files/output/synthetic_eeg_data_testv_original-vpart-0-EEG.csv
4|src/files/output/synthetic_eeg_data_testv_original-vpart-0-EEG.csv
5|src/files/output/synthetic_eeg_data_testv_original-vpart-0-EEG.csv
6|src/files/output/synthetic_eeg_data_testv_original-vpart-0-EEG.csv
7|src/files/output/synthetic_eeg_data_testv_original-vpart-0-EEG.csv
8|src/files/output/synthetic_eeg_data_testv_original-vpart-0-EEG.csv
9|src/files/output/synthetic_eeg_data_testv_original-vpart-0-EEG.csv
10|src/files/output/synthetic_eeg_data_testv_original-vpart-0-EEG.csv
12|src/files/output/synthetic_eeg_data_testv_original-vpart-1-EEG.csv
13|src/files/output/synthetic_eeg_data_testv_original-vpart-1-EEG.csv
14|src/files/output/synthetic_eeg_data_testv_original-vpart-1-EEG.csv
15|src/files/output/synthetic_eeg_data_testv_original-vpart-1-EEG.csv
16|src/files/output/synthetic_eeg_data_testv_original-vpart-1-EEG.csv
17|src/files/output/synthetic_eeg_data_testv_original-vpart-1-EEG.csv
18|src/files/output/synthetic_eeg_data_testv_original-vpart-1-EEG.csv
19|src/files/output/synthetic_eeg_data_testv_original-vpart-1-EEG.csv
20|src/files/output/synthetic_eeg_data_testv_original-vpart-1-EEG.csv
21|src/files/output/synthetic_eeg_data_testv_original-vpart-1-EEG.csv
22|src/files/output/synthetic_eeg_data_testv_original-vpart-1-EEG.csv
no.|src/files/output/synthetic_eeg_data_testv_original-vpart-0-EEG.csv
1|src/files/output/synthetic_eeg_data_testv_original-vpart-0-EEG.csv
2|src/files/output/synthetic_eeg_data_testv_original-vpart-0-EEG.csv
3|src/files/output/synthetic_eeg_data_testv_original-vpart-0-EEG.csv
4|src/files/output/synthetic_eeg_data_testv_original-vpart-0-EEG.csv
5|src/files/output/synthetic_eeg_data_testv_original-vpart-0-EEG.csv
6|src/files/output/synthetic_eeg_data_testv_original-vpart-0-EEG.csv
7|src/files/output/synthetic_eeg_data_testv_original-vpart-0-EEG.csv
8|src/files/output/synthetic_eeg_data_testv_original-vpart-0-EEG.csv
9|src/files/output/synthetic_eeg_data_testv_original-vpart-0-EEG.csv
10|src/files/output/synthetic_eeg_data_testv_original-vpart-0-EEG.csv
12|src/files/output/synthetic_eeg_data_testv_original-vpart-1-EEG.csv
13|src/files/output/synthetic_eeg_data_testv_original-vpart-1-EEG.csv
14|src/files/output/synthetic_eeg_data_testv_original-vpart-1-EEG.csv
15|src/files/output/synthetic_eeg_data_testv_original-vpart-1-EEG.csv
16|src/files/output/synthetic_eeg_data_testv_original-vpart-1-EEG.csv
17|src/files/output/synthetic_eeg_data_testv_original-vpart-1-EEG.csv
18|src/files/output/synthetic_eeg_data_testv_original-vpart-1-EEG.csv
19|src/files/output/synthetic_eeg_data_testv_original-vpart-1-EEG.csv
20|src/files/output/synthetic_eeg_data_testv_original-vpart-1-EEG.csv
21|src/files/output/synthetic_eeg_data_testv_original-vpart-1-EEG.csv
22|src/files/output/synthetic_eeg_data_testv_original-vpart-1-EEG.csv
no.|src/files/output/synthetic_eeg_data_testv_original-vpart-0-EEG.csv
1|src/files/output/synthetic_eeg_data_testv_original-vpart-0-EEG.csv
2|src/files/output/synthetic_eeg_data_testv_original-vpart-0-EEG.csv
3|src/files/output/synthetic_eeg_data_testv_original-vpart-0-EEG.csv
4|src/files/output/synthetic_eeg_data_testv_original-vpart-0-EEG.csv
5|src/files/output/synthetic_eeg_data_testv_original-vpart-0-EEG.csv
6|src/files/output/synthetic_eeg_data_testv_original-vpart-0-EEG.csv
7|src/files/output/synthetic_eeg_data_testv_original-vpart-0-EEG.csv
8|src/files/output/synthetic_eeg_data_testv_original-vpart-0-EEG.csv
9|src/files/output/synthetic_eeg_data_testv_original-vpart-0-EEG.csv
10|src/files/output/synthetic_eeg_data_testv_original-vpart-0-EEG.csv
12|src/files/output/synthetic_eeg_data_testv_original-vpart-1-EEG.csv
13|src/files/output/synthetic_eeg_data_testv_original-vpart-1-EEG.csv
14|src/files/output/synthetic_eeg_data_testv_original-vpart-1-EEG.csv
15|src/files/output/synthetic_eeg_data_testv_original-vpart-1-EEG.csv
16|src/files/output/synthetic_eeg_data_testv_original-vpart-1-EEG.csv
17|src/files/output/synthetic_eeg_data_testv_original-vpart-1-EEG.csv
18|src/files/output/synthetic_eeg_data_testv_original-vpart-1-EEG.csv
19|src/files/output/synthetic_eeg_data_testv_original-vpart-1-EEG.csv
20|src/files/output/synthetic_eeg_data_testv_original-vpart-1-EEG.csv
21|src/files/output/synthetic_eeg_data_testv_original-vpart-1-EEG.csv
22|src/files/output/synthetic_eeg_data_testv_original-vpart-1-EEG.csv
no.|src/files/output/synthetic_eeg_data_testv_original-vpart-0-EEG.csv
1|src/files/output/synthetic_eeg_data_testv_original-vpart-0-EEG.csv
2|src/files/output/synthetic_eeg_data_testv_original-vpart-0-EEG.csv
3|src/files/output/synthetic_eeg_data_testv_original-vpart-0-EEG.csv
4|src/files/output/synthetic_eeg_data_testv_original-vpart-0-EEG.csv
5|src/files/output/synthetic_eeg_data_testv_original-vpart-0-EEG.csv
6|src/files/output/synthetic_eeg_data_testv_original-vpart-0-EEG.csv
7|src/files/output/synthetic_eeg_data_testv_original-vpart-0-EEG.csv
8|src/files/output/synthetic_eeg_data_testv_original-vpart-0-EEG.csv
9|src/files/output/synthetic_eeg_data_testv_original-vpart-0-EEG.csv
10|src/files/output/synthetic_eeg_data_testv_original-vpart-0-EEG.csv
12|src/files/output/synthetic_eeg_data_testv_original-vpart-1-EEG.csv
13|src/files/output/synthetic_eeg_data_testv_original-vpart-1-EEG.csv
14|src/files/output/synthetic_eeg_data_testv_original-vpart-1-EEG.csv
15|src/files/output/synthetic_eeg_data_testv_original-vpart-1-EEG.csv
16|src/files/output/synthetic_eeg_data_testv_original-vpart-1-EEG.csv
17|src/files/output/synthetic_eeg_data_testv_original-vpart-1-EEG.csv
18|src/files/output/synthetic_eeg_data_testv_original-vpart-1-EEG.csv
19|src/files/output/synthetic_eeg_data_testv_original-vpart-1-EEG.csv
20|src/files/output/synthetic_eeg_data_testv_original-vpart-1-EEG.csv
21|src/files/output/synthetic_eeg_data_testv_original-vpart-1-EEG.csv
22|src/files/output/synthetic_eeg_data_testv_original-vpart-1-EEG.csv
